volume,vol1,vol2,vol3,vol4,base,case_id,instanceID
a,a,,,,,f6be7b98-af14-4208-8dda-b62976a78b43,4994c263-649e-4d9c-b31d-926182c266d7
a,a,,,,,27ceaf3b-2cec-4c61-b8d8-14a77eac5f06,825a7d49-82da-48be-99fa-6fdd9aeb704a
a,a,,,,,73a637cb-ccf2-4905-a0cb-b32057cbaa83,2600154e-5231-4815-a6cc-856dcd311feb
a,a,,,,,f6c0b98d-0d32-4326-baa4-0d07f09eecfe,e92a3105-ce44-4c32-8dbb-7764c113d7ef
a,a,,,,,728757c1-d728-4b89-8176-fbe69fb434c2,c9dd4d1f-5af4-4933-9cee-011f46fc19b4
a,a,,,,,ec28f0dd-db17-4ffc-baec-4ea65bb36b35,defdccdd-e698-498d-94a5-287af674c993
a,a,,,,,89a1128c-af4a-4d28-8547-b44a94c9563b,62711b0e-87e7-4ba1-9e57-70d93ef7a8e1
a,a,,,,,06db5207-e22b-42d4-a931-6a38183d8609,f9bbe4aa-2f87-4e90-92de-47bdfe81b1c8
a,a,,,,,5c05c8c6-694a-4a5d-be93-abc6c73c238f,c51f6b3f-b929-4f93-a8d5-370b72dbe209
a,a,,,,,22b2c033-2502-496d-b2a8-a260a2cd9943,f7547113-ad54-41ba-b20f-c006aeae1a30
a,a,,,,,a207dc12-c3b1-4d97-9e85-3b945a421ac3,d0ae37ce-23b4-43de-b962-b4338e812ed0
a,a,,,,,32c8b8cf-13d4-4025-aa50-53df1680235b,0d1e9b58-e575-4812-b605-a54d50ae6bda
a,a,,,,,d990632e-b4be-4309-acec-c678ce73c442,07bb8bbb-7cdb-492b-ab6c-f10d0ab5ebc0
a,a,,,,,7bfbcbd8-aaed-4596-8e90-9b69877a0ecd,022598b9-f9d6-4265-9be5-7d7951d42f55
a,a,,,,,55916a70-f86b-4e68-bb9e-5df0b998df59,e11a19cb-8c8a-4935-a719-d721e71aa047
a,a,,,,,4849cedf-3797-49ae-92d1-6f9a45e54985,dec3b399-afaa-4ed3-bca8-519a2fd6f94f
a,a,,,,,64ae781a-f689-4213-be17-3fc12147c016,4ca002ae-39c3-4c43-a856-2836e41711ea
a,a,,,,,9fdcbe2c-3d86-4a9b-b6be-60ad02f02c37,f386978c-a405-42bc-88f4-ff37442f6977
a,a,,,,,b4aab544-589a-44cb-8d49-bff82e46999a,fce7f783-7d02-4c3f-ba0b-ae1b72d5ee1f
a,a,,,,,6af980d5-ce3e-40b0-93fe-0adddb8c287f,445b4d81-a9fa-42ca-9571-aae7c6766e55
a,a,,,,,392d1d88-27cd-458d-b454-dd5ac2225146,45eff145-0a50-4566-87f9-32c0d622a5cf
a,a,,,,,c0a618fb-781b-4eda-8a79-cd2148ba7f0a,cc914c1e-0518-46f8-ba43-ebbc34869afd
a,a,,,,,49c50e87-e8f5-4d98-9f09-bea47399a8a0,77d6c2bf-9f12-4da8-a88d-b07f0720b946
a,a,,,,,59d34362-d7d5-4afe-aedb-e6eed6626f32,ac6b3cd8-0997-434e-83c7-c8db8d7d8d26
a,a,,,,,637161ab-c596-4976-b8aa-dc7953543bdd,3ee1e681-c457-4199-8986-6e2b5fb83ba8
a,a,,,,,9277d9a4-feb7-4261-bca3-4d4e9da66a68,8cd537a7-4ce8-4441-8291-02d296d39195
a,a,,,,,893739b9-3fe0-4df7-b097-2f5b878e3ac2,957eb6ec-3be2-4f51-9544-46340efe0ff5
a,a,,,,,31dde927-e4df-4acb-a82e-550ef1431d37,b45de25f-1a99-42cf-98ca-1e73149a7dfe
a,a,,,,,f26d58ae-ca7d-4f4d-bb10-e5c0b2c77ba3,3094b068-4a92-4e87-8bb0-8149da3c57e0
a,a,,,,,48bcfe7d-daff-48b9-b0de-b3fb13021608,495ac39d-d0b0-4078-a491-0cf6e607c6fa
a,a,,,,,3e538953-329d-46f7-a6f0-46d1fb10cb98,075fb460-4dbb-4237-948a-6e506915dc9c
a,a,,,,,cc6ff0c8-5096-4551-b928-bc0bc080d046,1137446d-cad0-4bc9-b063-76255ee73637
a,a,,,,,073fc8b0-2722-4626-9c47-f39c1e4bcab2,7155428a-7455-41f6-9694-71074adcd78d
a,a,,,,,067541de-5520-4f2f-a73d-a260d58ae7c4,b5065847-f87d-46f6-a78e-cab2046b7e6b
a,a,,,,,121ff8df-b82d-45ab-8528-e43e6490d936,4caf592f-21bd-40d3-9a2b-c2d3b8f7935c
a,a,,,,,fadf2473-13c8-4384-95cc-daefe688b5f2,c9cb31ae-012b-4aaf-abb3-690d948ac9e4
a,a,,,,,883e62d2-4958-4eeb-8b3a-13fba47bfe50,b8808da7-6f1b-47b8-9776-1ddad80475e0
a,a,,,,,7adf29dc-4aff-4e2a-84db-b3e778e60fbb,7aa423a8-ed16-4043-af31-ae47c0cb28eb
a,a,,,,,7f041bea-17db-4eb4-b698-6709039382ce,eec3cc77-e1cb-4b94-b9a6-b49b5a8ad40b
a,a,,,,,fdb6447e-6337-4219-9561-2e25a208fa67,d36777b2-f007-45aa-a23f-2aa488408438
a,a,,,,,0a32c4cf-ce37-4550-9f64-cc3f89f7a846,f46698c2-73af-410f-bd04-3345d55ae037
a,a,,,,,1b06b4f4-380a-43cf-9cc7-2fea39deaaaf,713e7721-927c-45c6-90b1-8cedf415bb12
a,a,,,,,caffbea1-9d12-47cb-a5d3-24fc414f68b7,b663b927-3ae6-465b-b9a1-c83928917269
a,a,,,,,ce2581c8-9b3e-417f-9e2d-2a9cfedf4915,5de80a5e-5241-42f2-a75e-a66b334ba927
a,a,,,,,5389c628-9ec6-49ac-a2af-b623a954eaf9,e0c48603-db21-4955-b94e-0fe031e97f53
a,a,,,,,b44d7af1-acfc-45d4-84e1-cebf476a7c35,d1cb084e-0e2b-4095-b126-e8c057da4e58
a,a,,,,,a351905e-f3ac-4ac5-981c-8817c5c07c98,bf1e34d3-db8e-4a7c-938f-3149815124c2
a,a,,,,,ded13b31-68f6-4c54-99de-167230a12f3c,e4a3e8f3-4f70-4e7d-ad96-7d84dc2bdaac
a,a,,,,,845fe468-f98e-470c-aad3-c4515b9f00d8,1e101c37-2932-4960-9c93-7d22be088b51
a,a,,,,,1845d3cc-0cc6-43f1-a75f-7df2942a5162,7b4cf44b-b1ca-4406-bc70-cdcb944f0e52
a,a,,,,,07c056ce-93c2-4016-82dc-99d9566dbf3a,ffd3aecf-607d-4d4f-8d1d-621b684a95f1
a,a,,,,,ba6bf9c4-f6d8-4a04-8cd2-7d48fa4eb67c,11cbc068-8107-4096-b76a-4002fdb8dac1
a,a,,,,,9c968c29-9662-454e-85e2-2cc935bcf2b8,a60280a1-3da3-44be-8ff7-0257a2f162e9
a,a,,,,,66530b8f-910e-42a0-99dd-5d49fe29c3d8,b99bf990-8e95-4a45-90e2-5b5a054e6fed
a,a,,,,,622d79a8-7eba-4bd4-bbec-633818315581,39980cbf-7adb-4f07-b931-ec410c29806e
a,a,,,,,3eb46445-c054-487d-9bce-dc3b69d734ff,3534eb96-e864-4e28-916f-0ec03fdada96
a,a,,,,,37dba2d6-6d7f-4053-8c1a-93a296a19738,198c6bbd-a5a5-4bb3-a823-e4a5a63921f4
a,a,,,,,92aeaef2-0e49-46e4-8619-bb914084239a,62a8607a-5ff0-442c-bbea-e23528b4146a
a,a,,,,,8472c886-14ab-46ce-8b7a-23a8d8fbc849,d83ec560-7c9b-4e92-b9a4-3189ef16915a
a,a,,,,,fdf66faf-ce41-4a22-8a19-448e9fd8d284,5526e88f-3e21-4123-8534-6cf767cc62cc
a,a,,,,,bd8ce784-3501-4339-aa5e-f0605064029b,65729e83-4216-4f90-b5f9-ed409c20ae8c
a,a,,,,,cca0e52b-3089-4245-82fb-c353db00bae4,ce1d0ce1-0e9f-4e5f-abff-3444e5ecc549
a,a,,,,,c7614225-bc3a-45fa-b15b-dcad84da1579,4ae479a8-eab4-4121-a9d0-6aae220489dc
a,a,,,,,26f2778e-6d8d-438e-9b1f-eb29531a928b,5614be12-2819-424f-ba40-683f79af3d0a
a,a,,,,,b986d5fd-c40f-4d86-83d9-34cebd16dac8,b3842909-3c1b-49ff-9d90-86e64ff665b8
a,a,,,,,03b2f650-50b4-41f4-be46-fb443a48c83b,0d8580ba-9168-4371-b5ed-00f9248b0b70
a,a,,,,,ace8350e-2628-4a7f-a8ec-5bd2dbb36810,fce185fd-c31f-4bbe-9e83-53e02ecb6e18
a,a,,,,,cc75dd2c-4c42-4c2f-911f-34dcee4b5d44,4508d7a2-1f1d-4ddb-b151-29d30366aca8
a,a,,,,,e5b66b6c-6f08-4330-aefa-a0c3c0bd0c8e,b4642b5f-d5bf-4da8-a194-52a515f74fcb
a,a,,,,,9f92d642-d4ae-4f27-b430-a5ebb2a71b8f,852f8127-8404-4c5b-8876-5c91ac403476
a,a,,,,,9bdf5261-27f7-41c2-92a9-20ff7dd19968,e5d7c2b4-1fb5-4521-b6ce-16a0f320333e
a,a,,,,,949265df-5f6c-4762-a889-5ea1f3c51b9a,62bc3a8d-2fcf-4ca1-9949-e23baeccef07
a,a,,,,,4165c5a3-a62f-4374-bf0e-183c6d7d4636,4ec5e256-f727-4677-9921-30c25291ead3
a,a,,,,,cf421b66-9082-4e35-a579-fc988c8d2bcc,9a9d870b-b6ac-4eef-b873-9373da7fe525
a,a,,,,,0f8fea74-d089-4adb-9e58-8aec27b26996,6e756379-9f12-4bf9-a199-61da07351e11
a,a,,,,,868088b1-b33e-44ce-acf9-f3757d93122a,c3d12265-d928-42c7-97de-a7b7c9da7afc
a,a,,,,,f40d93fc-44ab-4dcc-9e3e-ec74873cfcf8,2d03de84-36d2-4fab-805a-09a9de5a1de0
a,a,,,,,124f32e6-a9c4-43bb-8028-7e06295ac86c,2aa68c30-951c-4d99-a101-0a886232d97a
a,a,,,,,7205382f-a313-498f-8a4d-760a90d80921,7b913ccc-6ed0-4708-bb4d-f3c950740d17
a,a,,,,,710c2e9d-18fc-4f3d-825d-d3b9b855f11c,1cfbe13d-a47c-4c7d-9e26-709ac7aa2d99
a,a,,,,,a3f051d6-8363-4482-a8d1-2c3ab3ca858b,f24189aa-2b6b-487e-8edc-0975ccbf1542
a,a,,,,,dc987440-66b7-4d54-9bfe-b9754611b285,7c9a62a6-e177-4dcd-b220-76b450d45d86
a,a,,,,,b9a349a9-43ad-406b-91f0-24eb5c61d650,d3b980ae-71fe-49f0-a688-2254c666d684
a,a,,,,,986be674-b87b-4f34-8f2f-f61b7ba9cf3e,0fd68c1d-ea8a-49c1-b1cd-fb83ff3b5ac7
a,a,,,,,d9a27e17-bf7c-4547-825e-9239667fba5f,214a094e-b8a4-4c11-9101-bcacf71165ec
a,a,,,,,8271aada-a71e-47d7-8a7c-04fd0c88d304,075593ee-fbb2-471a-94f2-e7dc353b40d7
a,a,,,,,4d1af517-e2e3-4158-a0ef-7363f428f661,8d6d0f23-66df-4185-99d9-b9d399026316
a,a,,,,,5c346bb1-470e-44ef-bab7-8730d5e02ac9,8323b7fa-63a7-42fb-b1aa-678340b2870c
a,a,,,,,9d2d15fb-b89c-41c6-89ba-7e4f4cd776cd,67010c4f-d5c9-406e-b3d3-2f7209a1fc82
a,a,,,,,1ae09655-a8c4-4ee8-90c6-51a3d6f73931,7d151399-7d9f-4620-a8c6-2244e6dc675d
a,a,,,,,2d83721f-e7ff-4c57-a336-cab421f36b60,c470d165-6014-47ac-b7c8-b4c9dbb4fc27
a,a,,,,,d195db44-9442-4c4c-802e-75f49d53f820,9fab78db-e0db-41ed-af49-14be85e5cee7
a,a,,,,,4e40f86d-414c-4e65-99ec-ea93bfe62110,5669c345-ceb7-4410-91ef-854e8a225800
a,a,,,,,6f949c5d-3f08-48ee-8288-46fca22265ab,4b411d7d-b507-4785-b826-021672659444
a,a,,,,,d9b141ed-8b8e-4c36-a687-ab1c169473fd,170f208d-ac27-47ee-99c4-70025607e74e
a,a,,,,,8679777d-ea82-4b5b-91a1-86450b267727,cd9d0b1d-7bfc-409d-8020-bf98af62e9e8
a,a,,,,,9c43255d-8a7e-4f50-baf4-14aadfef0a1a,5c32548f-cadd-4b4f-8e9d-ad9c08cb770b
a,a,,,,,9a0e272d-2e28-424a-8cf7-4ecb4d906f17,8c02ea04-4aa9-4407-861a-567e0b9104b3
a,a,,,,,c1bcbd35-5a1d-445b-844d-4642e9507bea,b6e0d700-23cc-4f8c-960b-9cbbbac196a0
a,a,,,,,b96537ea-7e0b-40b1-8dcf-01eeeccd1b56,5cfeeeb5-7cb2-4f0a-a1d2-e7ae004ee435
a,a,,,,,75e61b8b-a6d7-434b-8bef-e45f30c101e0,81c92402-c3ae-424e-9c52-28d6982409a4
a,a,,,,,44f8b605-d570-4bbe-b628-5ba02a4d8f8e,c7ee77f7-952b-40c8-9660-ec62bb973aac
a,a,,,,,98d18ea1-1a88-4401-bf71-c661c37734d7,cccae959-47c5-4d4a-ad59-97f1f5ca793e
a,a,,,,,c4dda222-81e3-4654-8e08-8ba9216e336c,2c741ef9-01da-4def-bcdb-72eeda9da00e
a,a,,,,,b9afbd75-b0db-4d48-a22e-102c66fffa46,d46d6062-f5c1-405b-a456-41170b672862
a,a,,,,,54f74185-2dc8-428d-8b7f-8d0219c51024,5e81efc6-8587-48bd-b9f1-5638b2ad7abd
a,a,,,,,e4fe217d-5ca7-4f5e-a77a-32a24a5a2656,960c0a17-44db-411e-aeb7-cb57e9e0d062
a,a,,,,,85e924f0-0261-4aef-adbc-5711947bb4df,4476c4cb-d362-497e-9d1b-99c605201ac6
a,a,,,,,dd7f34b2-31dd-4c71-bbc6-0b4d4c1f5354,59bc5b62-b46e-43c2-b89d-caad88b21a2f
a,a,,,,,21a8ddd2-ad00-4a8f-9ee9-fa56c5eb5bad,97e2c14f-d8bc-4d63-b414-f33309441857
a,a,,,,,dcd4ea42-4a94-487c-b836-1f4d4039301a,a248fd17-d5fc-4068-a0e7-5097f9080693
a,a,,,,,8c7a5d12-066e-4cdc-bd63-3e0490cf0ebd,0ab94584-2ee3-4666-a04d-21e8c63aa0a0
a,a,,,,,9cb940f6-64a7-404a-92db-1ae97e633e13,269aeb89-1bca-46e1-9397-572b320256aa
a,a,,,,,816dd34a-3f66-4e2c-b1f9-478a506e18aa,79e948cb-4b81-4fff-a20e-d6e4dc4ae374
a,a,,,,,2d9fb31f-89c9-4f19-a16c-9c5cd1f819d9,57ceb460-1547-4b30-8e31-df4c5d74cbb1
a,a,,,,,dc380b24-e102-4690-ac09-37a52bff1ef9,d6799e8d-f996-4d0a-9ef4-ec59d668a38e
a,a,,,,,6e705d12-ce91-4d3c-80ba-231580d806b4,dc4fa298-4ce7-4af1-8560-5ac82639dc23
a,a,,,,,2ee7021e-df6b-46b1-8f0b-ccdb093563d6,617344fe-3d00-417c-a2c8-1d09741f723c
a,a,,,,,22197834-814d-4573-94f2-0ccd8fcd006f,2ac39fc6-4714-4d2b-87fe-388438650342
a,a,,,,,a04cbd9a-bf34-4dd7-8428-efe0080d3fa3,c7e9de08-d0d1-4144-94e7-b7cfff5088ce
a,a,,,,,3b940e13-3191-46d1-a4e5-edc471868f82,79428af7-3e94-46c8-b12d-251f1f9db496
a,a,,,,,27a0bc77-b0d3-418f-b251-4ab6505fdc08,b5bdd794-aec9-4566-a897-692ff0d086e5
a,a,,,,,9200d4de-381b-4a1b-aef0-982474a5d6a8,6fb3935b-dff3-4c6c-8b20-df50777c1e75
a,a,,,,,9c12f674-fa4c-459d-95c1-36fbb2312d30,ad45902a-7c57-4668-84d3-d23ffd2fcf2f
a,a,,,,,9918f967-a748-4cf3-af13-5f52ea42e1a0,32adde84-fea1-4c24-be97-4c4ebc053103
a,a,,,,,48b30fc9-0519-45f9-ba96-0aa0be296ea7,e567797f-b7fe-409c-9770-2ae7cb456fdf
a,a,,,,,9a8f7367-5bf7-4c8c-bd6a-4a2c1b9ab5c5,84fa87f6-49ef-446e-86ec-0508583a4ef8
a,a,,,,,1a9a16ca-c3c3-40e4-aac4-14657ac6f011,d8846151-56a4-4cdc-a0b7-9b7c9f8be088
a,a,,,,,860f5146-b615-4fd8-a13c-fb1343594ea3,2c3e05fc-25d4-49cf-96c7-887fb83fbff5
a,a,,,,,6a461d04-a694-4fe6-8050-df8f017a3bad,a2a1c1a1-a55a-4c5a-8e32-f0ec167fd201
a,a,,,,,e33c4974-fcfc-4cd9-a185-2ccd435f37d3,e0257ca6-193d-4ad7-8f3b-fe29b9c88e7c
a,a,,,,,3c1ea6e8-97a2-4e07-ac9b-6ca89963fbe9,33a7f32f-b1e3-46e5-ad66-db106a40559e
a,a,,,,,291e7b32-d4d9-4cb4-b319-7b2dccaddd3c,788d8b87-b461-4aec-8154-c540e65cfd77
a,a,,,,,ca25d8df-12fd-4612-b65a-9cfd340f43f2,e49c3607-21ba-4577-9cda-c8e0bd322a1f
a,a,,,,,b4e7e081-675e-4b3e-bbf1-6b2b2764ab40,636c686a-7478-4221-80dc-35848e25c10e
a,a,,,,,4343d10c-e7c1-487e-bdd1-1962257373d7,8f3baf31-7841-4131-b35c-eb98ee9a15e1
a,a,,,,,a5e6e214-3281-4c9c-8fe9-55d776fa0e39,471cc049-efda-46fa-984b-0b43935b8ade
a,a,,,,,aeede144-684c-4c52-b046-a1ccbd26c346,dab694b0-ca21-444b-892c-bf6cc608a395
a,a,,,,,5b8f0d06-b116-49bb-bf8b-8d03adcd0111,af2b6576-bb09-4578-8781-02532e03ba56
a,a,,,,,e7468070-bcbd-49ad-91a8-49291df9cb5d,7219cec5-1dd7-461b-b340-7d246791580d
a,a,,,,,fe7dd4c9-24cb-4155-a0d0-79169799a48e,9073a930-cd87-4a3a-86d9-6f0cbc7055a7
a,a,,,,,72ed473d-5670-4c18-8c32-ac1f012166eb,cf53448e-9509-4ae8-ab22-ab8135388edc
a,a,,,,,fb251534-9d35-4c37-b29e-f18dbad4d6d9,8b17622d-9cf1-4967-ac27-967b429d521e
a,a,,,,,a7fab82a-2fd4-447a-9609-a96870fbb7f0,12cb9ff8-bee4-4574-b277-c62b53828442
a,a,,,,,7af7284f-476a-4bbe-88b8-6187834f1b0f,8962b6fe-52af-4832-a681-e391cdae75b5
a,a,,,,,a4f4752f-4e34-47af-8f5d-067f276d7d42,52e40500-9531-4a85-8578-9f0c4fc74964
a,a,,,,,925a0fc1-985e-4857-9508-776ae709ab94,4f04a1b3-8496-47f5-81f6-363ba02c7a2e
a,a,,,,,9d7cf2f6-b1e7-4797-881d-3a45131d5ddf,9a4e38e6-91ed-4c1d-b8a4-091b40f1addf
a,a,,,,,1664c133-fe91-4344-9116-031da7f74fc4,e5b83613-c7e2-44ea-8f01-8049f5241537
a,a,,,,,8a2678f3-bbc3-4574-925f-75dfdb305440,bad5ee3c-1d80-43df-a992-60cb96ce6a29
a,a,,,,,f8152bac-4dfa-4a2c-b42d-15743198b3d6,4204ba95-41aa-4e30-b98b-e2a0d2c41f60
a,a,,,,,91531329-d2d9-4a3a-aa24-91f83ad25791,06301f80-731a-4e76-8841-68e33ec9a734
a,a,,,,,ace8a098-cc1e-4c0a-88d1-e1753375716c,c19bb1b5-9803-4039-80f5-ed5c409bd721
a,a,,,,,dbfd382d-294f-4755-891a-19c2cfc08962,0eb48497-5964-4e06-8c53-a805d60f5c2c
a,a,,,,,9b49c009-5747-4f00-8f47-c7f8b2123987,6a67edba-7775-4088-87b3-1e9cb69e159d
a,a,,,,,d6b49b7c-f171-46c3-b9c7-e00f191266b9,79e1a215-8a3e-477a-b42d-8e2215abba8f
a,a,,,,,ffae5a5d-ac46-44c9-8e19-b1c497d732bd,6a4c3380-2389-41b1-af28-8d35dfe562b1
a,a,,,,,2385e466-cf90-43a9-a511-2a7ab38e1f19,cbd42433-925c-4e24-b9bc-3993ed411d65
a,a,,,,,1f493769-064f-4e44-abc5-16bb21716abe,a159d2dc-8d44-4907-b752-d89716e90086
a,a,,,,,421d19a0-686e-429c-924a-ef0b598c7887,694e8440-2aca-491f-844f-7c609b210ea5
a,a,,,,,52b381a7-606a-4103-b4cb-ee8e438e4379,15024939-3813-4cd8-a832-3760739ed9c7
a,a,,,,,815291a8-9447-4e89-bbee-7e70691fbd76,8aebc8d9-0ae1-481d-adfb-6b816d3f8c18
a,a,,,,,ec8af251-4f40-4537-ac47-766cc1b8b820,2b910263-37a1-48f7-a729-378106a1f5cd
a,a,,,,,d30e3b0d-f755-4d0b-9193-64d1c339e654,198fda82-025d-42bb-9c6d-0385b697cfee
a,a,,,,,e296e5e3-0240-4aba-994a-fd268e2cdd51,ed5ebab2-1729-435d-aad4-a4ec7e74ef70
a,a,,,,,6f8dd21e-d4fa-4517-9ac7-c0cfceedd0bd,413728b3-418e-4194-b84a-fab2e0e1f8bf
a,a,,,,,e37d6d09-65e7-4a97-a8f6-a22ee997dd89,a9ff00ba-7b8d-4e78-be2a-776c2c945a93
a,a,,,,,8cdc6899-c0ee-45df-9d96-c1084008c317,86074daa-6e3e-4a44-9959-509f5a09021b
a,a,,,,,18f69966-a905-46d2-8c2b-5a5e7c12b704,5dc7ef30-740a-44e9-a5cc-8937114ef005
a,a,,,,,ab00af56-aec3-41da-bdbf-9e2a981d0531,284bc770-b5d9-4ab9-afa5-2c1be57f0187
a,a,,,,,69075416-efad-46b1-8a89-9bd3e43d4859,43d734bf-ae03-482e-a1b2-ba28a2a68758
a,a,,,,,403758ed-ed33-46dc-a220-4c1e53a9638e,8db1f3e1-34d0-406d-ab38-28886109c798
a,a,,,,,d681dab5-aaa1-4b8b-8925-3f7d7deec671,89bcfb71-b035-450b-b9c7-c32effea6f71
a,a,,,,,02794424-d737-4235-ace2-2773444cb793,4a11c32f-58c5-48f4-af87-d2109fe1240b
a,a,,,,,f0de4071-7356-4c33-bb08-7b2da47d15f6,2ddd167c-1b8f-4d3a-8d6c-92748ed663f2
a,a,,,,,a74a2deb-a025-431b-8d1e-977ced4b6da8,f49a51f8-cf6b-48cb-9a03-3f32282d8817
a,a,,,,,ccafceac-16fd-4f0a-8591-53a7f77c320b,5f473aa3-bb85-474a-bd5f-b16a82cd46b8
a,a,,,,,a94f32a6-57bd-4ac3-8f3d-80651a5b3177,b51912ac-a40b-49fa-9f2b-8bcbd509063c
a,a,,,,,82e422a4-654a-46c6-b4cc-c44ee2919b94,5634a723-bef5-41df-acb0-c49683cd99be
a,a,,,,,62a3cccb-d553-4480-8f6e-1d68c16651fd,acc0b440-8df8-448a-b852-df8aea8c418f
a,a,,,,,97ed4e80-44cf-4ce3-a8c2-c22a8732e082,05c18bba-1403-49e1-abc1-ae05b3d49754
a,a,,,,,93d75a0a-07a0-456f-b09e-786ec498cd17,78e0a9b2-0cf1-48c5-b6fd-eb1417c1b539
a,a,,,,,d655c8f6-956a-4a83-b27b-a0c25280026c,494ab463-274c-4378-8e2c-34ede6041ceb
a,a,,,,,e695bd2e-3d0d-4cc4-a972-7803dc8a3fd3,de338d63-6562-4422-8983-cae00bd9b576
a,a,,,,,82c8b203-7c22-411e-8573-d0dc6dc47d37,b48fb6ee-4f9c-4f1c-b1b4-ec68135495a7
a,a,,,,,6eaffef3-8f87-4473-a479-24d8044209f0,9a66d1b3-a59e-4dc0-9496-9fe2a1603da8
a,a,,,,,2f7de0a9-cb22-4c0c-a97a-ab2d87642c79,b1297d6b-e79b-48a4-982c-e6a23781d926
a,a,,,,,f3fbe685-594a-4250-afb1-cc912fc19329,84fab211-dc15-480b-a50f-0a1349b059f4
a,a,,,,,db2a775e-e589-408c-ade9-6cd8df778a57,62ccc842-5132-4a55-9454-b209629a94aa
a,a,,,,,523008f7-c2d9-4238-b8af-2eb9f84fdb85,9eac0f64-4cb9-42ff-8d3c-7d15a28c0c97
a,a,,,,,ea04ec43-d1de-4d5c-a715-a31a2d34bead,6eee1d8e-bafe-4f00-927c-c130e1b0b57d
a,a,,,,,54492056-c057-4f4d-b4af-91ef8a3e4259,fd6b22f5-4b77-48d8-a781-3de418a0a7c6
a,a,,,,,49cc77a5-8ef4-4eca-9a29-8ed3ea28e6ca,51198fa9-883e-4fdf-869b-2c1a5267ccef
a,a,,,,,facbc62d-2463-4da9-8a6c-20ed4992a22a,ef174885-cd9d-4ed2-bf5a-35768371086c
a,a,,,,,96df777a-dd48-4156-8ff1-d20d7cc28b27,a7a350d5-f962-460a-94ea-9bef6e930969
a,a,,,,,2d26c835-5f6c-4e8f-a4a9-175eb7dfea80,9c58998a-75a6-44d3-b78d-1e0507459598
a,a,,,,,dd869108-0699-4aee-987d-5fe8da5a5c94,94999e20-c451-46e1-85c6-b3a0701bb0eb
a,a,,,,,66410e45-e01b-4fd3-ba60-59f6eba18568,c3c5f742-d34d-4ed4-b5b6-07c297301eb6
a,a,,,,,14e5975e-ea04-4791-aa2c-46354b0fb8c1,9c85643a-42db-442c-8800-14de71a03c15
a,a,,,,,569b51fe-832e-4dc6-9bec-a73880acfdcb,2c75d90b-23d9-4c92-bdcc-96d90de18fae
a,a,,,,,0018466b-afcd-4e89-bcaf-6dbeba14c692,3817787b-edb7-46d2-99c9-e4816f4d6a93
a,a,,,,,67fd003a-8d30-45b6-9ba4-08238d88f2a8,63de1b92-8949-4a58-a028-730968f3cd6d
a,a,,,,,df4b40b5-b86b-4bc3-b843-e9daba19d254,9f584cde-8080-44d5-8ff1-ac1330f89ebc
a,a,,,,,6391b3db-6778-4e66-89f5-09c154b3cf6a,42d4990b-88de-4028-b919-39c84659999b
a,a,,,,,2baae04a-6e99-44c7-8ffc-8eb6ae82b9d7,60ea2561-82c1-4434-b9f1-1d2b22010c12
a,a,,,,,99e2887c-c0b1-4447-8ee9-b68565698831,3bf34cfc-16a7-4c06-85c7-eee473367ffe
a,a,,,,,43baa789-3e9d-49be-b5f9-b709fa476b1b,fe90902e-04b2-48fd-955c-f174e922af61
a,a,,,,,9a276bf3-24d0-4f3d-92ac-e8b4ded0ec06,eb8af844-30c2-4e61-aeee-30b1304d233f
a,a,,,,,a3a15664-e8f4-466f-baff-db403ff9adc9,73fd2d2e-6a50-49ea-bf27-6aae8c59a04b
a,a,,,,,af500545-3b41-4130-8e8f-55bcc260034e,958a5a62-f1c9-4c8f-9b54-9b26df66e21f
a,a,,,,,050a7755-80f2-4444-bb1f-a52af0e29dbd,e1b71733-66a2-4ff1-8b71-9773cea6b6ad
a,a,,,,,944f6b06-4ced-4801-8a32-b2acc5b9d7c2,7215a40f-d0bf-4cc6-a223-4cdec79767fe
a,a,,,,,953d9db1-389c-4846-8a7e-01d4952b4a26,1d534a85-7c79-4955-9699-8ccda3e9228c
a,a,,,,,bb2501fc-9569-4cc0-bb92-aa658a23deef,a22f244b-bebe-485c-b46e-6369c51643d8
a,a,,,,,819aa926-3bc0-4b69-81bb-99d97250cb7b,e1cdf8ab-97fa-445d-a30a-bb23358c0209
a,a,,,,,29ce091a-0958-4851-9047-8d150958c78e,122ae4dc-af94-46c4-8cca-a1777954a000
a,a,,,,,c4c9dde4-81f1-440f-b52c-268d9c663770,90acf63b-d98e-47d2-9354-7c1bd88ad18f
a,a,,,,,be4fb466-79b4-4f64-aa42-ec991a87cba2,c95024f3-a871-4c8f-a1cc-6dad6c6a6d75
a,a,,,,,bcd4f0b9-696c-4273-adc7-7e2f413c16be,d580939c-36bf-4449-a368-338886ebd98d
a,a,,,,,fe5bf757-9dc5-4b6e-a0aa-743e6891108a,6cc93394-13ec-4e15-9f2d-cda281276cdb
a,a,,,,,db4859aa-3f7e-4238-9be1-a327f6e2f5f7,8872b727-108b-4aa7-a112-3240349e16f3
a,a,,,,,953a2920-10a0-4c1d-be01-4ff33d3df08a,4b6d4f1b-22eb-4b10-993f-a130e41560d6
a,a,,,,,da2dc82c-0280-42ce-952f-2b24c0486c62,bed13ca6-d876-4fe1-9081-114b8268d22e
a,a,,,,,31accb84-c04a-4288-9933-8e05a5bcfaeb,f432ad52-90c1-45d6-9bbb-32aed4d5d09b
a,a,,,,,d1e9fefd-552c-404c-a6fa-212f992cae2e,bf139489-c254-4c4b-9779-d8e42cf30439
a,a,,,,,fa1608d5-f4e1-4a9c-9e9f-b7a4c158e71f,3660804b-d067-4426-b838-423e4636265b
a,a,,,,,96555bcf-ba92-4007-a4f3-ab4d94e9c86a,77ce369d-27fa-48c7-b76d-e8151085953a
a,a,,,,,c59b9c10-5f01-4083-bf92-f0a9c3d9721b,a5bbc17d-f806-4dd5-8abc-f8812a40d949
a,a,,,,,7956d8bd-8903-45b3-a80d-4adb1ae0c22e,91bfd2bf-ddb6-4730-af44-65539bff3e92
a,a,,,,,81135569-88e1-4674-8506-c2dc9c899368,56794f6e-394a-4729-9904-31ad2ea69737
a,a,,,,,abdad995-4e4d-4197-a610-fe425543c2f8,2145ba1b-34cc-4065-8d61-feec84b0b27c
a,a,,,,,7cfd319e-1373-40b8-859b-f3778804aea5,ef360e03-5467-45d5-b92a-b94f52374ef6
a,a,,,,,c5726acf-0853-4676-864e-a5d90539cc8a,67213727-14ba-4af4-a2f3-8527d1d71209
a,a,,,,,a3f1e140-5a6c-4951-8d69-4f043cf149ec,575c39f5-4e84-4c77-9b60-8ffcb30437c7
a,a,,,,,482ae978-2c90-4616-9267-3d528247006d,a0af4cbf-e751-4898-be6f-c8b7f08c200a
a,a,,,,,8bf191ec-7a51-4057-9ca7-cbbeb1b058d3,e6b297f4-d4f6-4803-9620-9c7b23bcdddf
a,a,,,,,9f1b3b69-efdb-4ea1-99ba-7e2c9748eeab,9cc8caae-ad40-4f8c-8b9a-5a41b316f8cf
a,a,,,,,fe4a4ec5-8213-4499-97bc-b966088cc0ba,dfdeb67b-91db-47c6-93ec-96cccb3d8d2b
a,a,,,,,e6ab0900-f9e9-48d4-a305-2746a0d92154,9c5cd945-8ac7-4e94-a1bc-1566b19f5a3c
a,a,,,,,4c90420b-1f97-4306-b176-9eb2e6f30805,eb9f0628-d9c9-424f-a93b-4ab429aba7e0
a,a,,,,,987317ab-4350-42ff-9f12-ef41ab5a5237,880ced84-9292-41ab-a6e6-1f1fd0d51f57
a,a,,,,,a75e7dc3-cfac-4a2b-ae6c-41c08af8a466,d5dc7e86-4359-450c-bf1b-480f2e82281f
a,a,,,,,8b320817-6d50-4d60-9fbc-1a20246cd2d8,bda7d8ee-0b1f-4dcd-ab2f-eda72bfd58c6
a,a,,,,,3d3c578b-b38d-440a-a57f-5bb326c5c5d4,4b2bb54f-3363-4373-b826-75a97ccb1dfd
a,a,,,,,192e104d-cfad-4035-8dd9-5fd654ef39e1,c08ac1ca-4028-4a01-8031-bf0758d90e1e
a,a,,,,,cc8a7ec4-c03a-4ff8-8029-784670339ebb,effdb07b-827c-432a-a105-3ca55beabadf
a,a,,,,,fdc323b0-4e6f-4274-9ba4-5700fd3cde3e,d63db2dd-3979-4827-a03a-7d2c1c9574e3
a,a,,,,,ac7a5aac-c78f-427b-a553-41e26c54f8de,648e05da-5e19-4f27-ac53-a3b27b46df16
a,a,,,,,8c25e993-917b-413c-ab7f-03f505bbf2d5,a28f9b5d-d621-4ed2-a27c-ab84c0aa5052
a,a,,,,,397f89de-0e87-4f1f-82ab-0dc7e2b33de4,471a00a6-373a-413f-b2e4-5dda6e3851f9
a,a,,,,,3c732e49-c1b4-4721-8b20-7bc3fed951b6,966ce8da-773c-4931-b0fb-b74374fff05b
a,a,,,,,97ede508-5832-4edc-91e4-be3a749caaa7,5e63c241-6026-4237-b891-0860cde05431
a,a,,,,,af2846a4-ae05-4c2f-9584-a7215c32b2b0,32c554e4-672d-4e7c-9a68-8dcd556456c5
a,a,,,,,64763d9d-a35d-498b-a1dd-b0f14c091bc5,07cd95fb-22b6-45c8-9c04-142e033da597
a,a,,,,,ad7ba97d-c3e6-4bde-b771-28663c42e032,0e345bcb-1f95-4d62-aef2-229ce2075c75
a,a,,,,,95a2282c-12e1-40c2-8dbb-20d2d6409429,12bd78e2-fac5-4e9a-b575-87a2d230126a
a,a,,,,,f826268f-3a0c-4284-811c-a20b376f1711,c180c2e8-021c-4928-8673-ae58213a9b68
a,a,,,,,f1306ba4-1b52-42c2-8536-cffdf094daab,1ab2b6c8-88d9-4d88-a9e9-e71bc2ea4857
a,a,,,,,2498060a-57ce-440c-9731-e876b3af8c22,6a271c51-8034-4f80-b98f-68be1e2175de
a,a,,,,,6071e1d3-4e55-4506-85fe-9aca6c4663e8,e85f7e93-100e-4ca8-ac73-527cfacdea9d
a,a,,,,,93925c54-d0d5-49dc-91ab-ac8f61558980,97230f71-3973-4efc-9df0-84536bd703a5
a,a,,,,,eddafdba-61b4-4bb4-a8f4-a427c2518967,19cb821a-349a-4ef8-b0d4-977a44d5fd50
a,a,,,,,098b997d-e69f-4f39-b299-bcc44a576340,0617b2ea-cf20-4fbc-88e6-2d9ddea3bff6
a,a,,,,,789eeeb9-3708-4d12-b1da-aad2cea2441a,3bea7931-4935-4d4f-9112-2bff1133c9ef
a,a,,,,,73b40b8e-5a7c-4b2b-8a81-11afbf7a75ea,d8947208-4844-4fad-9a16-f70d413a50cb
a,a,,,,,8e2c4001-d293-42a9-9e85-d8f60375bd2f,22f91ccc-a514-408d-9d62-cb3fb7ad46dc
a,a,,,,,48efd700-b124-4eef-92b3-46596f2dec3b,467fe8d0-ea00-4d38-ac94-8eea982e305f
a,a,,,,,6f4aedc1-11ab-42aa-9c53-4d2012763f75,9ef28960-87eb-4295-9d28-1295014072a1
a,a,,,,,1ff13cf2-8fc9-484c-b988-2e748e776ccb,d0e87532-a72f-4b4d-9acd-cfbbb6a730c4
a,a,,,,,6af47d6b-6d18-43d2-90b6-3efc7d26da46,3ee86e2c-9668-4742-9f70-36676a4ed3fd
a,a,,,,,98f197ae-4405-44c5-a075-1de69fa425ef,c9e4ca44-c79b-4e10-8b17-32a470b9c49d
a,a,,,,,82c7be22-97d5-4185-bf55-50d2554d01bd,76a41680-fdeb-411e-87e6-e943e341fa91
a,a,,,,,e72805e7-3e1e-4d4c-9970-388be6566a1b,7ee35ac9-1c74-4377-a9ab-c7801eeba372
a,a,,,,,f46a0979-03e8-46bd-8a0d-ab20337e5107,58250112-5631-46e5-9b14-c792316dd4cd
a,a,,,,,5f8188a1-8ecb-4118-9e7d-ef4d3752e902,994fa5d2-062c-4285-ae06-c1eeb696360f
a,a,,,,,9e1970f8-8ce1-471c-949d-f766287ea370,cadcca65-9c30-4252-b3bb-95dd3b794d26
a,a,,,,,9855da5e-f141-4616-94b3-23f0e66bcef0,375db23c-3fd6-44c1-8335-4b70246bcd0a
a,a,,,,,18516a91-e674-4b40-9ffa-72cbfbeeec57,e088f432-7364-408d-af14-fdd8ae9d47a2
a,a,,,,,ef0a7e04-3791-497d-a2b5-b9186046dcf7,463502d0-8d2b-4bef-8012-f376f8bd51f5
a,a,,,,,b65f1c8b-7e9f-4d15-879b-030addb3691c,49d9283c-6800-4489-9985-a59f5f48bd29
a,a,,,,,c1188896-cd3e-4d8d-857d-8157db342435,13b51a47-a230-405c-a49f-8e11c6a8f84a
a,a,,,,,c8278b35-dbe0-4733-b215-810f727ffc68,1984948e-b2d0-4e8c-b869-fe568c687067
a,a,,,,,f18dd686-9779-4154-8e11-5b5d8c88a8f7,1793f5ca-191d-4138-a8e2-1608e5a7b1fd
a,a,,,,,dbb0b9ac-e921-49fb-8ad0-2a498194c022,12d1fe12-526f-43aa-9dda-52ab69070f3c
a,a,,,,,7f079ca6-120a-4ec8-bfb0-6bdbdb69a378,f8933d54-8404-4d58-937e-a1574bb8f819
a,a,,,,,c412192a-0587-400c-9726-f1faf689b6ea,a462ab13-b1c3-4e9a-9ef9-ec2a7ff66229
a,a,,,,,6ad2993c-2a45-42a3-a8af-936e230c40bf,d203bfb5-f8f9-481c-b3bf-f30f0a827ece
a,a,,,,,17729b2b-c587-4ca5-9425-2643f10dbd3d,7b2b2c9c-88d2-41b4-9256-a89b09d1349c
a,a,,,,,339854dd-a613-4b48-9ab6-c4094dcc27a8,9a255a61-1249-4ebd-b671-36de6ba37dd5
a,a,,,,,1395cf3a-cbeb-407b-a8ea-84899540b1d0,4441f057-bdbe-4b51-9c68-39cb99b5bfef
a,a,,,,,fc871322-3aaa-4595-9a99-f00abbb14728,f7336918-a6c0-4424-9a49-81794046be87
a,a,,,,,145cedbc-ed98-48d0-b3e7-d9ac685ddafb,1e73a9bd-9dab-4929-837e-03bbb24dcff6
a,a,,,,,0c59350e-5134-492f-a23e-2ced245fa9b3,eae53dc2-ab45-4782-a764-08ae80436f63
a,a,,,,,32684e7d-f5fb-4ebd-9f8a-66cd099172fa,0431d211-65cd-464c-a24a-45cd0134a40d
a,a,,,,,288787ef-2304-4eb7-bc86-93c89d960e0c,6f7a6831-827a-4876-802d-6a0ae6ed9cf8
a,a,,,,,dd9e5b3c-89a0-4aed-8d98-3d344026436f,f2dd5972-dd4a-44aa-b289-8ef1d7c156cd
a,a,,,,,6433afa4-3870-4f2f-9295-1a036b0205ea,e7671bc2-3ece-4b98-91d0-7886d637acbf
a,a,,,,,a0bdea7a-f0ad-4c8a-b96c-dab83d4b5577,09bd414d-95ad-4d29-afbf-4dd9d8c5e195
a,a,,,,,9512a90e-400b-4d2f-8de9-7996c2747b3c,33b5eead-7ab6-408a-9383-d13dca9928f2
a,a,,,,,62891432-b381-44d3-91c4-8ff427afdd52,16bc7527-232c-4c25-80b5-245c5b33f7fc
a,a,,,,,996ff78e-21c3-46ed-8062-8215919d1248,aa836e30-1187-4269-9d21-51dfb10d41a3
a,a,,,,,b592ff0e-3812-4cc4-81e1-cb4092081102,a48090de-990d-4a90-942d-427be7a1e52c
a,a,,,,,921c6f72-6dbd-405b-a978-937ab30de639,91690cbf-e748-4a58-8aaf-645a85d1afe4
a,a,,,,,f03832c6-1b2e-4b22-a85a-a96f44328a5c,1d075d8b-6ba2-4b66-9346-e90ec26a773f
a,a,,,,,aced95a8-ef64-4270-80e5-507be071cf16,f8a8d2bf-638c-43a8-95aa-6e000ee9bdb6
a,a,,,,,18168e62-8f92-44e5-9f8f-f6dc2264b6c0,fbd4f43e-a8b9-40d4-9762-9a351780cd1d
a,a,,,,,2c27c3c9-4e87-4af1-a83c-568f9e5dd01b,b9f14e54-62c6-4623-a160-90f0545effce
a,a,,,,,ad40c05a-9059-441f-b4bf-75b94aacb75a,46706f42-29e0-4692-9bf9-14d26273d9ef
a,a,,,,,82046483-213f-4dce-9611-453265bc90b5,a2d427f0-40b8-4496-b9e6-d41bfb59da74
a,a,,,,,45e6edc0-7d11-4cf3-a2dc-22b852389e48,ea27ac88-f916-4caa-badf-3f4425d53f0e
a,a,,,,,232ceaa3-607e-4e7a-9483-03617876b29e,dd919e2e-f2f8-4030-bbbb-b54376bfa919
a,a,,,,,d5de7faf-a4b8-441b-afde-cce249714e70,2883ef14-6895-4ff0-8b9f-19c2c90ac12c
a,a,,,,,364e01e0-f62a-4339-a506-26b58a85d6f3,32fb94a3-dedf-43d0-8127-0024172d26b3
a,a,,,,,22f447c8-0115-4367-b93d-767e872a1f97,bedbe2e9-b7ac-4d99-82f0-2c746e171f58
a,a,,,,,dc518824-ec69-4f6b-8e8b-05694dd907f0,d4a5f600-47af-4af2-bd71-4323d1c3ccde
a,a,,,,,91b20423-45c0-4f3c-b443-b19529a87825,044ff388-2de2-4355-84e1-8baf644d36b4
a,a,,,,,553de6b7-ab35-491c-b334-a40f458d6792,29df2841-bd6b-4a41-8075-c9b0fb72316b
a,a,,,,,0a09efa1-44fc-401b-bbdc-4554538ef3bc,25098de3-c1c2-46fb-9b9e-b336140df721
a,a,,,,,ca562e42-f5ce-4b52-beb7-7aa8ea0deb93,832b9f31-7712-4ac4-b65e-b2a58cc122a7
a,a,,,,,8234065f-73c6-4922-9141-5b1f96babadb,abd95abd-8ce7-4ebb-a001-a20e712181c6
a,a,,,,,32136621-9eaf-4e57-8087-2a55d8af690b,67d3df23-ea7e-42af-bb1f-38c607643e9d
a,a,,,,,a3992980-95d1-4091-a837-2b4b55fb7a62,d654ac77-16d5-4c14-8eca-c3ba261621f3
a,a,,,,,a18ff47b-7ecc-426a-b8e5-2c15ab09d4f9,887b2178-f0be-48d8-b8ad-3e7d6976a5d6
a,a,,,,,1c7251a2-efcf-4d84-8137-af12aed52bd6,86b02599-ef4e-4042-a213-9c687457dd1e
a,a,,,,,c7709177-9b9f-4fe3-874d-f235438788f4,6bce124d-9574-4962-ba12-89cfd1b5650a
a,a,,,,,6a9cc5f9-271b-4246-8b4a-aab9d752c14d,22dc03ed-8e36-4993-8f2c-ce4fec60b397
a,a,,,,,9cbfd01e-40c0-4f63-8f5f-95aa93064698,eb077793-4e36-4ed1-9deb-cda2dcb4d362
a,a,,,,,1d3508a9-1bbc-47aa-9579-e8b07587b769,e6855129-48ef-4ea3-aca7-f0a94f51e611
a,a,,,,,3cfab733-fef1-47cc-962c-ae011c4c1bd7,4a81ff82-28f0-4509-9262-aa2246e91c44
a,a,,,,,c9b0c571-ce59-4b24-952b-742a92d8d893,abde835c-b6db-4870-9ac7-360558231738
a,a,,,,,f5e2cb6b-76bc-44ee-9cd5-36fde7b43f05,c7c2dcde-b12b-46f3-b696-1c532e6c038b
a,a,,,,,74698fd4-0f5a-4eee-b79f-fa1df87d6bbd,0ceadb98-3a85-47a7-8c8b-2d443ba807f1
a,a,,,,,d95005a4-0b1d-4b71-a0d9-676add5931a6,c9e13b46-e427-411d-b2b0-3198ff167108
a,a,,,,,9c2e5e6e-2c24-48b8-8f47-71c07d712cad,aa90bb40-cc1e-4961-b1ed-35aa803b586a
a,a,,,,,75efa697-8628-4f2f-b35d-35742b8a06f0,2b4a5042-0f2e-42ff-981e-e74cd317d385
a,a,,,,,2a33d410-9d48-42ed-9452-ea257adc5fcc,f90df0ff-5dce-4716-8092-446103a0a4dc
a,a,,,,,78819b6e-d539-4c43-928e-8ecb6819ee5d,17791082-99d7-4d16-869a-2b375df23813
a,a,,,,,92d95602-f1fa-4181-8c75-d11d391f70fa,ae7a0cbd-f67e-43b3-8997-303eb6491156
a,a,,,,,eebef92c-b94c-45e0-93f7-7e49bf70f5d4,3359d311-1feb-4538-a7c9-834e2dcfff3e
a,a,,,,,f3e344bb-a615-4ab1-bfd8-d33f8bbcf9af,9dcf1be1-e159-4111-93b2-c02363d2458e
a,a,,,,,dafb9e35-64df-4d81-ac0e-50caf390ab5d,deca5bfb-b97d-44fc-b5ae-b95742a39b00
a,a,,,,,bbff2b35-b4a8-4049-b64a-40ca2b831a4a,cc557989-663a-4a59-8ddd-205b7b21df49
a,a,,,,,c2169167-2da4-4630-8e9f-5e7a6bd3ebaa,ffcd283d-f758-478a-93be-cd9e41e5377f
a,a,,,,,7f633797-49e9-4f5b-bced-58a75aeabfe0,d6db27d6-7121-4549-b4ab-b85407972d15
a,a,,,,,306627dc-349a-4698-8c69-bc1dc9fd8a33,91d7f4c2-9bfe-4484-8324-064c0704c49b
a,a,,,,,92b15cce-3326-406d-833f-4fd9c276e844,10f93e85-2ee9-4401-8640-e728274089d0
a,a,,,,,aad2ea64-3104-42f0-b8c4-3d6fbeb032a1,735dac8a-5763-4957-90ff-26c9fd582fd3
a,a,,,,,f31d80ba-6130-4ea6-a7bf-a041f63f4207,0fce3f7f-d54d-4a33-8c1d-766233a17646
a,a,,,,,acf8d072-f294-41c4-8a75-943835fa1130,236f6e4f-0687-49c5-a713-da2d635af52f
a,a,,,,,c432af4c-5b71-46e4-bc85-f74dcd60b2af,0baa59be-1490-427a-ace9-2f2f26309909
a,a,,,,,664a4d2b-61bf-48c8-ac24-94367cb49ae6,fce61926-9b13-441b-b589-10976bee8829
a,a,,,,,79a00c67-9936-49e8-ae36-8dd23ba8db1e,b9221664-8641-407e-ae8a-9ba085a1b27a
a,a,,,,,23fa361c-e469-4dce-a6b8-427efa4e752e,fbe3b71b-0de5-472f-bd96-2b72e88d0c07
a,a,,,,,922bc0c0-15f2-4473-b169-fe0980264764,ae00ee19-9f64-444b-a76f-7ba327d9e85a
a,a,,,,,3c34f725-a61f-4267-9516-023ea07630ce,a68a8288-c884-4b0f-8a91-81010e5cb7dd
a,a,,,,,0f17d766-63b4-4c86-9b6f-22e6a6eb233a,9abbbdf4-3beb-4976-9ce1-fa40f0e15f54
a,a,,,,,0306ace0-c757-417c-b5fc-06ed3a72e586,23413c8a-09e9-4a8d-8847-8ab127605ea1
a,a,,,,,c8672ff0-9932-4451-8e2e-0970f394bcf4,62aeafa9-f98a-497a-9366-663b4217529d
a,a,,,,,1956fe88-519d-4c8f-946c-201933c6d914,5d4611b5-efac-45d4-a9a9-4e08fd7cd722
a,a,,,,,3f58b5a9-6806-43f3-a2c7-b79a8173ab9e,09a601ba-fb36-4b9c-ba63-406d253fc5b3
a,a,,,,,0307b734-14a0-4614-9f4f-a32a1f3256e7,75f95f20-f4a7-4a21-9b39-dbb64264c8a9
a,a,,,,,5ebdf37c-9d6f-4751-8b71-2495a68f26a8,d712e8e9-036d-42ce-8cc5-d369d20ce2fc
a,a,,,,,cd109ce9-fdd8-4288-a5dd-5bdfbb0727a9,a5a7bfd9-c9f3-4fab-838e-c7829c2dcc63
a,a,,,,,7253fa2d-68ff-406f-a118-d500a9d43ff6,00aebccc-bc88-42e9-8e4f-c73dd4a7c8fd
a,a,,,,,f0dd05f7-6314-4931-b73b-fe7820583655,97f65c31-6032-4978-bcc3-09baa56c27a4
a,a,,,,,55e324f7-7d07-4b66-b954-c0e4b30f9adf,8fd405db-9d8c-4ffd-9666-4e28c3f18423
a,a,,,,,71b1a40a-7d28-4674-b9f8-c95e1127ff75,60766f8c-6780-4b46-9221-4240133fbe29
a,a,,,,,5b20bafa-6151-4aaa-a7e2-8776c7f8a73f,bae01f26-240b-40f5-b2e0-dfc1fb2aa026
a,a,,,,,cf8b2d1c-12c4-42d9-9854-8d6d25f97fcc,1a48c172-15f7-40d6-8137-1201760780f4
a,a,,,,,2f82727a-a295-4494-b6eb-373e54e719d7,c3ca0236-0ca7-4214-ade2-3d741f0b6034
a,a,,,,,ed5322c9-3b1e-457c-8b1e-fb2e787c484d,d6103729-5f03-494f-a364-5a1f2c385cc0
a,a,,,,,0d318c58-cd77-4d85-be8f-1dc83b5c04de,db40b0b4-8628-4a72-8cc5-736123115f56
a,a,,,,,87de2da6-4cee-49b8-8604-bd78cdd08fa3,e5c6fa00-0a6b-4d50-b6d9-d9f10a84e09d
a,a,,,,,0e151d6b-4b12-4907-85d2-5a0979c9fc3d,455ad917-4676-4f8d-a14d-98ec8d9b4701
a,a,,,,,118f4e1a-c9d8-442a-afdf-b1b08b7963b5,34fa5f16-9462-4f83-aa3a-98a662a645ec
a,a,,,,,ffdfa0c0-834d-4f14-94ae-3ead31867de3,541d0b1c-d10d-4b05-b129-ec207e5babda
a,a,,,,,5455e787-9003-47ce-b7ed-2e4bd6699bd9,1a916dd2-12d6-4a32-9baa-336486573a34
a,a,,,,,b324133a-94d6-4d14-8c34-df58f1c65191,5797e807-7de9-4e30-8a40-f705e9bbb737
a,a,,,,,40c52432-55fe-42a4-9ac3-8f0c905810a5,8d47d03d-1c60-4780-8a67-9ec9ec65386c
a,a,,,,,214cac21-109a-4f6a-a456-4285952221c5,aeaff54e-a5e1-4275-9364-2fd4558df076
a,a,,,,,698eabd5-3ddb-422f-9abe-081dc898c46f,34e7765a-1783-460c-b928-c5bd4eb4278c
a,a,,,,,81f67585-76dd-411f-8ef4-4525ed51f3f0,1e7b7148-3525-451d-8778-09bf45d604a5
a,a,,,,,21a7c77e-1393-42b9-bb54-c9acd3554725,604f8875-129d-4c0c-a174-9d8ff548a99b
a,a,,,,,e444baa5-d5e2-425d-b2a3-e5358e7376c9,e7b43c57-57e4-4fcf-9a01-7869c7abab90
a,a,,,,,da72618b-259a-450e-84b0-d0cbc9c462f9,03bd4c0f-e2f8-4b57-9db9-53e7fd1b0f12
a,a,,,,,00cde856-aa40-4f50-985a-66bc68153c31,60e7dcdf-a29f-4d23-b96e-334ce495c333
a,a,,,,,47500363-fe79-4f5b-9c5c-1b10fa721027,9adc7c94-22a2-43bc-be4c-5588152a7235
a,a,,,,,b910027b-3c0a-4f44-881e-6c9b37d899d4,8cff7a8e-a972-4b9d-8804-bb8441c1000e
a,a,,,,,8ccc8b57-ae3f-4861-8611-767c65b81a90,82f32b6a-e0e1-4408-b0a5-6277e1fb5157
a,a,,,,,cd30b736-623e-427d-be24-2e94b2ab2e34,b2b20a2a-3ee2-4ae7-9837-e5df632ec1ec
a,a,,,,,fdf65aef-da58-476f-8116-1c2b5c39b787,3636d4a6-f0ef-4d89-9453-1bb0b5353983
a,a,,,,,d940fef7-fdcf-4895-b064-a3b9ddb668da,687a72e8-b980-405e-8ec2-92d87fdd4b0f
a,a,,,,,ea633a23-6701-4d34-b0c3-bb334ce5c0b2,1fb124e6-749e-488f-b0c4-d9a4deb29a6f
a,a,,,,,efff7812-4090-4b01-9769-84edb991a2dc,7e1a49cb-9986-4f47-8841-34deea3ada3b
a,a,,,,,58274ef2-bbfa-424c-8d84-a9b270592a58,d487b7b3-4a43-4411-81f2-819c10d6befe
a,a,,,,,191c31ee-00a2-40f1-8d71-497283dae845,5d7bb852-7da3-4c82-922c-b883b3247d3c
a,a,,,,,93b4aed4-8019-49ee-8ef6-6b5021d5cff7,419ec45c-9f85-4314-a63a-842804311197
a,a,,,,,ee21fa53-fee7-4d3b-9dfd-6a337b1a560c,cb141662-3ebd-45dc-8f44-a01c92d1b04e
a,a,,,,,45c91baf-1af5-4f31-9b53-d2412cfc3648,56482ceb-64d0-4861-8621-824a4c6c2ab1
a,a,,,,,67ad61ec-231f-46b1-98b6-9e2bafbf381a,5a24bdf9-a8cb-4f71-b4b8-f02d6658b6fb
a,a,,,,,bd3f9a5c-395f-4a82-8d86-d50cb6b9ba17,eb18dba5-6867-49b3-85a6-0d8dfdba06b6
a,a,,,,,347d657c-28cd-4c1b-b2ae-a3615662fd3e,b0862b00-ce99-4e9e-8f3f-fd5b37efe0d7
a,a,,,,,83a0a6ee-8a81-437b-86fd-1651982f1e6f,c6d058c1-6779-4212-abfd-d2ac93c173b3
a,a,,,,,b9e0d566-8fa6-44ba-858e-c48650c73a86,5d138de3-8459-4ec5-9888-5abe3abbfd02
a,a,,,,,16adeab7-af5b-46e2-b90e-be1e64faf66e,bed5d554-9735-4568-95c9-08da8b8851ed
a,a,,,,,182b1b6b-b683-4a36-a30c-922733df231d,07dbfc1a-7f5f-4ae1-99c5-5e9d0c54ebe4
a,a,,,,,735aa6dc-5a44-447b-b329-0c78b900ec79,3aaa6ca6-4ebf-427a-ae52-7ad6951e0ca8
a,a,,,,,c596e2fa-4937-4e1a-b5fc-e3bef54104b4,ffd8942c-2a05-435a-a4e7-346f149a95ce
a,a,,,,,88b6ead2-4971-4ba6-a811-f843a131e80e,9a8de74e-4a58-4ce1-bac1-0d82ea171b02
a,a,,,,,3729c0ab-8fe2-49db-9a90-01b668718ad5,bd222bec-df85-4068-a7e3-4e0c17e5469b
a,a,,,,,82dd5db8-b2e4-40f9-b012-de586430639c,0eb72406-09f3-483f-9910-44a365f37690
a,a,,,,,e8f6a4d1-3164-45b0-8136-eb0cd541d9b1,edf96de2-fb7e-463f-b746-89f225211c76
a,a,,,,,46c3559e-a614-4824-84ca-afa8b92fc27e,153ef899-b611-4707-8265-2efe2420aa24
a,a,,,,,4070351c-9dc8-4fb5-9dfd-0b74b2238472,76de8205-c2f1-4043-b222-f658e7c02e49
a,a,,,,,6f287bb8-367f-44a5-ac38-66ed0fbfc441,6348df7f-9016-4880-964f-3bdd9e83818c
a,a,,,,,57282f28-db1f-4009-b635-a87369e93363,054b4c01-c18b-4c1d-a3dc-370d57d952c5
a,a,,,,,7da31769-b963-4a5b-84ff-ab559583159f,ea3db55a-efdd-4472-a920-8720c0a92485
a,a,,,,,6e4882e1-4eb5-4de4-a16e-0e67c1934247,933bd252-b0c0-4bd3-91bb-a1afab05938a
a,a,,,,,a423bc35-33b4-4ac9-b68b-b043474d8b14,366ebea2-3c59-46be-aa34-48d7e44dfcd7
a,a,,,,,4fbdb441-5ec6-404a-84ee-7434671ac944,60271e79-7cea-4f5a-b935-c6c481e78e12
a,a,,,,,040242f8-0068-4ee9-b3a7-792a654aa4c5,96d71ba5-8101-4389-8fc0-a8e7f1941b32
a,a,,,,,189b3149-103d-4d2e-ac16-883d668b463a,66486400-0422-4d13-a245-5fb81aa1a2a6
a,a,,,,,657f3a31-f489-4c04-9b6a-6934d5e81b56,ab92e024-86fe-449b-91bb-689fb125a056
a,a,,,,,9c144599-5d20-47ed-a809-6694c78702bd,1ea6c032-b7b9-4f5b-9e33-4d4cb8f3c031
a,a,,,,,9e133fff-53c9-45d8-b443-e9d468d07017,743e45eb-bbe4-450f-900b-341089348c6f
a,a,,,,,0a5d53f2-f6bc-43ea-9bd5-27ded8467d3d,6a611624-0ec6-4391-9825-dca3c62b98b7
a,a,,,,,9439e79a-62be-436b-b837-1e3514555ebc,569ad110-42ad-4a64-b8ff-3d460b7d82e7
a,a,,,,,0462c4e5-1c4f-4cbe-a38d-3943ad9f6594,80e9bd6a-acbe-40f6-93f1-346ec49d7fee
a,a,,,,,cdbd353f-d754-4924-a239-d6631f91b0ef,5fbb7bdb-ee6a-4948-b5c0-abb0ede23696
a,a,,,,,a576778b-d81b-43f7-b8d0-12f47b05d6f0,fa926abd-5202-4180-b00e-fe51e54e40e6
a,a,,,,,875b19b5-a9b7-4198-be7d-9f481c16649c,793f98f1-3902-486f-993b-4e2a729ae536
a,a,,,,,6681fddc-fd27-4357-95f5-eaac9c6a61e6,001b78b3-7a55-4c94-b0b6-00ef3f7162b5
a,a,,,,,5dcd1f82-655e-40b6-9684-bdc15919b0a5,6baceb0b-5eb6-44c0-9aec-e1c5ab5d7687
a,a,,,,,e4578a6c-dc3a-4de8-8562-f1754d25db9f,f847925a-bbd1-413a-b2ac-7e89120b2ff0
a,a,,,,,94c81052-876e-4f3b-8475-b5ec854f868a,fe22f084-8743-47d6-8dba-0166e67a9b70
a,a,,,,,40f52b5e-7d83-4441-9086-bb9ff6d280c3,b1e69ba3-a3cb-4f8e-bf17-ea254e8d5a0f
a,a,,,,,924135e0-b125-42fb-a330-9955464e68d9,e61fd17c-b00c-4dda-bbc2-c628c383733c
a,a,,,,,bc0b6367-27a4-4e46-8379-c9753e126bc1,21f48574-3e4d-475d-91eb-5a863290162d
a,a,,,,,45a1d7ce-119a-48ae-a3e8-0d93bff5551d,408b515c-fe27-4e24-91df-5ae2d4d45ea7
a,a,,,,,8be1eb20-aa8b-44e4-ae23-8c816e84b0f6,8f7f2575-8765-4402-a018-6b5e2a76cd06
a,a,,,,,1d3077c0-db3c-438c-84da-d397ab6b1b00,2651ab43-ef3e-4270-9ba4-2b876bb16843
a,a,,,,,c8f39eba-352d-470c-8d71-976e73cc0786,3f88141a-e20b-4408-8377-9e24bec95815
a,a,,,,,1d4b30d0-cea9-43b1-a52d-73940de3432a,adcf675b-366f-4697-9e4a-767865a3d4b1
a,a,,,,,8fd0ef6f-1fc3-49a2-b79b-97a9a6a5ee38,a5f737d9-df58-45c4-ba44-5ae80cb90d5c
a,a,,,,,8d8aea06-8fcf-4241-b009-bbaceb620c3b,bc004bf8-e06b-41c7-afc5-9f38e682c2cd
a,a,,,,,b644dbc7-6370-494c-a335-c0f6d6b287d0,82d1c3bb-e8f9-4097-b0fd-6ab3a89e893f
a,a,,,,,cfb1db0d-9c90-4e8a-bafd-4592c8636ea9,bd960089-ecae-4523-be0e-48d059726634
a,a,,,,,5421f296-8de2-408c-8628-d173b17a5904,e54c5322-2d30-4018-b3ce-e540fd84d882
a,a,,,,,fe5b2f9f-9b29-4267-b255-66f76967040a,b076c98a-7e93-47a5-ae65-a3bb85ceb141
a,a,,,,,2b755e95-110f-413c-9b94-1ae97fa0b041,6f23ebc9-10c5-4523-99cc-08a1a139cc6b
a,a,,,,,819e29de-a977-422d-8aec-b0549a8bb08a,dc040905-5e90-4670-b313-d7867f76bc28
a,a,,,,,367588b7-b162-490a-bc7e-5a0f3439542a,62f11f44-f924-48a1-a756-f42c4498f676
a,a,,,,,2efdf1ba-3b55-448a-b36f-c32e69ea3f94,f97e4b86-50a5-4cea-9199-afc430189b95
a,a,,,,,56902d0a-2f94-4245-bb9f-40c81c5a905c,800627c1-a5af-46e3-96d8-c84523af5b65
a,a,,,,,124097c2-5d5c-4e00-9864-90cdc16a9bb1,18fbc344-fb24-4738-9aaa-18afc63a0fc2
a,a,,,,,9b8d0db7-351f-4b8f-87b1-bcb981565318,97a941b5-63f5-4773-9631-5bc8b570511c
a,a,,,,,f862720d-d8c7-4971-aad4-56cd06aed56c,c26fe8c1-b139-465d-88cb-e993d38f6f69
a,a,,,,,075cca61-f543-4a7c-a181-d863cc9099e8,6714a9ce-b7c5-40eb-906c-e345a04cbd4f
a,a,,,,,0f4465c8-8d78-4942-beb1-083955070f3e,cf086bfe-74b5-4367-8e63-53e02913feb4
a,a,,,,,a266538a-6a52-42ea-a0d1-02263c033cee,3735278d-769d-466f-b124-67a24e64fb4a
a,a,,,,,d3b28dd4-2e9e-45a4-b153-1b8869e4b779,f67c7efc-1956-4e4b-b853-240a04121243
a,a,,,,,ca272143-b9b1-472a-9423-5bf0607f6754,c04e4537-9201-40a3-af3b-3f2a361b6684
a,a,,,,,e3de1fe2-797c-487c-b169-1d43cc85b020,77c3cdac-3441-4521-a88f-b6cf15ab7b0e
a,a,,,,,7b854ad7-00fe-47a3-8bb1-d9e828796e7a,dae7bd65-5af8-4feb-962f-04a462075c7a
a,a,,,,,e222f6b9-8487-4e3f-be65-fc055b0ae250,01fb5dc3-b8ff-4047-8387-813397ce9953
a,a,,,,,d5b06de5-8419-4ba0-8120-cc20d7bc2e9b,440d39e9-69c6-4994-aae1-e686fbe6c936
a,a,,,,,baab303b-7fc4-442c-a286-98c0c07b36b5,6842eb8a-b2e1-4b0a-8b83-d2dfafb30e15
a,a,,,,,948b9e84-d5b5-42cd-a33f-dc2ee9fdfaab,93035cd1-4603-4307-8202-3d71fa6c663b
a,a,,,,,0402dd7d-e57c-4aae-a84b-75ad9a7d1b33,a559f9a6-069a-4f21-806a-386def41f997
a,a,,,,,5b960b66-a640-43e2-8d31-86b198b285e2,44851768-7129-4acd-af09-bdb54da49043
a,a,,,,,2ce91296-71d6-4472-abac-224124c73f1f,f70411f4-3508-44ae-9be9-4cec4f71f806
a,a,,,,,5f915648-faee-45b2-b266-38e9815c8574,f5b03db0-60d6-4273-84a9-a0ccd7cc6d82
a,a,,,,,b538f381-157d-4a5e-96f4-8670b8010f26,a06b5392-0f36-4eda-9cd6-50ad67650a6b
a,a,,,,,f70f37f0-b04b-4ab1-b4da-3001d126c0b0,8e54ace4-761c-40b6-aaa2-f7fa2d31d838
a,a,,,,,bcd0d8e5-14b7-4935-9f0f-dd259a01959c,bb73cf4e-0d55-41cb-9d5e-9694279d9157
a,a,,,,,e78a5a7f-3ddd-4f92-a2ff-ed63b5a43a99,c328a848-59fc-4809-b922-7249adab62ed
a,a,,,,,9995e7ee-fa84-4649-acec-04b32c362a83,859617a0-8d08-498b-bcc5-fdc6ed9a6cb0
a,a,,,,,bcd1ebbf-a32e-4869-88f9-2fdc9eaa5f86,c16df2d9-35be-4a83-892a-ab9d9319c405
a,a,,,,,eef0ed14-13b5-4c24-ae01-c2240154af51,c30983a6-54a9-416a-b3d6-ed6ca64b897f
a,a,,,,,0ee14a5c-48ef-4815-bc05-9776de0f411e,55378155-0505-4141-a220-d530b78f6e69
a,a,,,,,ffc9195c-5948-431e-bda4-21d6a751e1ef,7dcc1053-e4a5-4ef8-b2e9-087e54bf4831
a,a,,,,,e24871d4-435a-437a-bf3c-86ffa3101110,b23b8fe5-7db4-4f32-bef5-23a4b071c8f6
a,a,,,,,b88d30ca-1ff8-4c26-bc9e-80c8dc95e4f3,75fae15c-f7c9-4fcb-ab6d-1ca4bb6d6318
a,a,,,,,d889fce9-ab61-449e-a6dd-55125a430468,eb55f5dd-e61b-4531-a503-9966b4e1b1a4
a,a,,,,,79f06bda-c551-4d6e-959e-d3a5569de6f6,508fe7dd-5955-41d7-9c30-732b0c188c5f
a,a,,,,,9bbab9ac-6354-493f-b815-d2b8fe054420,8e12024c-e9f2-4e11-a5a2-7a01da4558ab
a,a,,,,,2770b5d1-c3c6-47ae-8fa1-d0e019edee16,18db9418-7bfb-45af-b060-321643acd9b5
a,a,,,,,b8caab41-e656-469b-bd8f-0a03c68f1930,ee0e3f8a-7f6e-4ba6-8eaf-942c98c387a4
a,a,,,,,5153b0b9-47e6-4e5b-be5b-e35606247142,6b654b8c-5741-4f6b-9a91-abe84f8e1b08
a,a,,,,,3a97c279-a61d-4063-99b0-d62ee33cdc8f,e0b7f2c2-3dd2-49b1-94a5-73cf61ed710b
a,a,,,,,0e08872e-eb5c-49bc-8279-14d20e9c101f,f23c224f-08e6-4cde-876b-2301ff76cbe3
a,a,,,,,471d2026-9508-42ad-97c9-1142e45cc66b,8461d073-c06b-4bbb-97b5-36b7cdb96bc7
a,a,,,,,14d72792-65b1-4e79-bab9-c9c6cc22da7c,cf951d2e-add9-4b59-986d-1a0042ce08f2
a,a,,,,,ad11a161-6342-4f3a-a94b-2ce5da0c3763,60317c5b-2f44-45b8-8db7-35946d73690e
a,a,,,,,374c2dad-016d-474c-aa4e-683a0b52465e,6eba5a61-ec16-474c-80b5-183058db9796
